Metric_Value,LODS (rho=2),LODS (rho=4)
0,0.03659,0.07328
1,0.03659,0.093825
2,0.03659,0.07328
3,0.03659,0.093825
4,0.03659,0.07328
