Metric_Value,LODS (rho=2),LODS (rho=4)
0,1.0,1.0
1,0.49272,1.0
2,0.49272,0.48876
3,0.24272,0.4814
4,0.48972,0.48876
