Metric_Value,LODS (rho=2),LODS (rho=4)
0,0.0013388280999999998,0.005369958399999999
1,0.0013388280999999998,0.008803130625000002
2,0.0013388280999999998,0.005369958399999999
3,0.0013388280999999998,0.008803130625000002
4,0.0013388280999999998,0.005369958399999999
