missing_rate_pct,Adaptive (Ours),Fixed (rho=2),Fixed (rho=4)
1.0,2.6209743472135765,2.7870680044593086,1.4187164163223325
5.0,2.6209743472135765,2.7870680044593086,1.4187164163223325
10.0,2.6209743472135765,2.7870680044593086,1.4187164163223325
25.0,2.6209743472135765,2.7870680044593086,1.4187164163223325
50.0,2.6209743472135765,2.7870680044593086,1.4187164163223325
