GroupSize,Improve_One
4,0.292075
8,0.159955
12,0.15862
16,0.11892
24,0.11677249999999999
32,0.07336
48,0.07336
64,0.05147999999999999
128,0.0427125
256,0.0427125
