Metric_Value,LODS (rho=2),LODS (rho=4)
0,0.03659,0.07328
1,0.03659,0.0840221
2,0.03659,0.0768607
3,0.03659,0.0787978
4,0.03659,0.07835755
5,0.03659,0.07847495
6,0.03659,0.0770955
7,0.03659,0.07835755
8,0.03659,0.077976
