Metric_Value,LODS (rho=2),LODS (rho=4)
0,0.0013388280999999998,0.005369958399999999
1,0.0013388280999999998,0.0070764627875000005
2,0.0013388280999999998,0.005917142776999999
3,0.0013388280999999998,0.006220684586
4,0.0013388280999999998,0.00615314656725
5,0.0013388280999999998,0.00617052499575
6,0.0013388280999999998,0.0059513827804999996
7,0.0013388280999999998,0.00614780574775
8,0.0013388280999999998,0.006089559939
