Drift_Rate,LODS-Fixed-128 (Stress),LODS-MTI (Adaptive)
0.0,32.0,15.975
0.0005,32.0,15.975
0.001,32.0,15.975
0.0015,32.0,15.975
0.002,32.0,16.0
0.0025,32.0,16.0
0.003,32.0,16.0
0.0035,32.0,16.0
0.004,32.0,23.1
0.0045000000000000005,32.0,23.425
0.005000000000000001,32.0,23.55
