Drift_Rate,LODS-Fixed-128 (Stress),LODS-MTI (Adaptive)
0.0,1000,1000
0.0005,1000,1000
0.001,1000,1000
0.0015,1000,1000
0.002,1000,1000
0.0025,1000,1000
0.003,1000,1000
0.0035,1000,1000
0.004,1000,1000
0.0045000000000000005,1000,1000
0.005000000000000001,1000,1000
