Drift_Rate,LODS-Fixed-128 (Stress),LODS-MTI (Adaptive)
0.0,193.54500000000004,146.3269375
0.0005,193.54500000000004,146.3269375
0.001,193.54500000000004,146.3269375
0.0015,193.54500000000004,146.3269375
0.002,193.54500000000004,146.56
0.0025,193.54500000000004,146.56
0.003,193.54500000000004,146.56
0.0035,193.54500000000004,146.56
0.004,193.54500000000004,167.12068750000003
0.0045000000000000005,193.54500000000004,168.23175000000003
0.005000000000000001,193.54500000000004,168.70362500000005
