Drift_Rate,LODS-Fixed-128 (Stress),LODS-MTI (Adaptive)
0.0,31.25,62.604166666666664
0.0005,31.25,62.604166666666664
0.001,31.25,62.604166666666664
0.0015,31.25,62.604166666666664
0.002,31.25,62.5
0.0025,31.25,62.5
0.003,31.25,62.5
0.0035,31.25,62.5
0.004,31.25,43.54957199551021
0.0045000000000000005,31.25,42.94420131948736
0.005000000000000001,31.25,42.73297696667262
