Drift_Rate,LODS-Fixed-128 (Stress),LODS-MTI (Adaptive)
0.0,1.0,1.0
0.0005,1.0,1.0
0.001,1.0,1.0
0.0015,1.0,1.0
0.002,1.0,0.96875
0.0025,1.0,0.78905
0.003,1.0,0.65475
0.0035,1.0,0.5592
0.004,0.96745,0.7038
0.0045000000000000005,0.87485,0.6487
0.005000000000000001,0.78335,0.5796
