Drift_Rate,LODS-Fixed-128 (Stress),LODS-MTI (Adaptive)
0.0,31.925,15.975
0.0005,31.925,15.975
0.001,31.925,15.975
0.0015,31.925,15.975
0.002,31.925,16.0
0.0025,31.925,16.0
0.003,31.925,16.0
0.0035,31.925,16.0
0.004,31.925,23.075
0.0045000000000000005,31.925,23.375
0.005000000000000001,31.925,23.5
