Drift_Rate,LODS-Fixed-128 (Stress),LODS-MTI (Adaptive)
0.0,0.00234375,0.0
0.0005,0.00234375,0.0
0.001,0.00234375,0.0
0.0015,0.00234375,0.0
0.002,0.00234375,0.0
0.0025,0.00234375,0.0
0.003,0.00234375,0.0
0.0035,0.00234375,0.0
0.004,0.00234375,0.001
0.0045000000000000005,0.00234375,0.0020833333333333333
0.005000000000000001,0.00234375,0.0019675925925925924
