Drift_Rate,LODS-Fixed-128 (Stress),LODS-MTI (Adaptive)
0.0,0.193545,0.14632693749999998
0.0005,0.193545,0.14632693749999998
0.001,0.193545,0.14632693749999998
0.0015,0.193545,0.14632693749999998
0.002,0.193545,0.14656
0.0025,0.193545,0.14656
0.003,0.193545,0.14656
0.0035,0.193545,0.14656
0.004,0.193545,0.1671206875
0.0045000000000000005,0.193545,0.16823174999999999
0.005000000000000001,0.193545,0.168703625
