Drift_Rate,LODS-Fixed-128 (Stress),LODS-MTI (Adaptive)
0.0,0,0
0.0005,0,0
0.001,0,0
0.0015,0,0
0.002,0,0
0.0025,0,0
0.003,0,0
0.0035,0,0
0.004,0,0
0.0045000000000000005,0,0
0.005000000000000001,0,0
