Drift_Rate,LODS-Fixed-128 (Stress),LODS-MTI (Adaptive)
0.0,193.545,146.3269375
0.0005,193.545,146.3269375
0.001,193.545,146.3269375
0.0015,193.545,146.3269375
0.002,193.545,146.56
0.0025,193.545,146.56
0.003,193.545,146.56
0.0035,193.545,146.56
0.004,193.545,167.12068749999997
0.0045000000000000005,193.545,168.23174999999998
0.005000000000000001,193.545,168.703625
