Drift_Rate,LODS-Fixed-128 (Stress),LODS-MTI (Adaptive)
0.0,0.0,0.0
0.0005,0.05,0.05
0.001,0.1,0.1
0.0015,0.15,0.15
0.002,0.2,0.2
0.0025,0.25,0.25
0.003,0.3,0.3
0.0035,0.35000000000000003,0.35000000000000003
0.004,0.4,0.4
0.0045000000000000005,0.45000000000000007,0.45000000000000007
0.005000000000000001,0.5000000000000001,0.5000000000000001
