TOTAL_TAGS,LODS (Adaptive),ISMTI (ComNet '25),CR-MTI (TMC '23),ECUMI (ComCom '22)
100.0,30.0,28.000000000000004,150.0,50.0
200.0,60.0,56.00000000000001,300.0,100.0
300.0,90.0,84.00000000000001,450.0,150.0
400.0,120.0,112.00000000000001,600.0,200.0
500.0,150.0,140.0,750.0,250.0
600.0,180.0,168.00000000000003,900.0,300.0
700.0,210.0,196.00000000000003,1050.0,350.0
800.0,240.0,224.00000000000003,1200.0,400.0
900.0,270.0,252.00000000000003,1350.0,450.0
1000.0,300.0,280.0,1500.0,500.0
