Drift_Rate,CPT,CR-MTI,CTMTI,ECUMI,ISMTI,LODS-Fixed-128 (Stress),LODS-MTI (Adaptive)
0.0,0.4101241666666729,6.706526666666821,0.6265366666666754,0.5037383333333431,0.1951075000000001,0.07318000000000001,0.18428416666666672
0.002,0.4101241666666729,6.706526666666821,0.6265366666666754,0.5037383333333431,0.1951075000000001,0.07318000000000001,0.18428416666666672
0.004,0.4101241666666729,6.706526666666821,0.6265366666666754,0.5037383333333431,0.1951075000000001,0.07318000000000001,0.18895666666666674
0.006,0.4101241666666729,6.706526666666821,0.6265366666666754,0.5037383333333431,0.16211000000000003,0.07318000000000001,0.19061000000000006
0.008,0.4101241666666729,6.706526666666821,0.6265366666666754,0.5037383333333431,0.1326166666666667,0.07318000000000001,0.19061000000000006
0.01,0.4101241666666729,6.706526666666821,0.6265366666666754,0.5037383333333431,0.11059083333333337,0.07318000000000001,0.19061000000000006
0.012,0.4101241666666729,6.706526666666821,0.6265366666666754,0.5037383333333431,0.10362750000000005,0.07318000000000001,0.18705333333333338
0.014,0.4101241666666729,6.706526666666821,0.6265366666666754,0.5037383333333431,0.10410166666666672,0.07318000000000001,0.19061000000000006
0.016,0.4101241666666729,18.90802833333044,0.6265366666666754,0.5037383333333431,0.08411750000000001,0.07318000000000001,0.19061000000000006
0.018,0.4101241666666729,18.90802833333044,0.6265366666666754,0.5037383333333431,0.08761083333333336,0.07318000000000001,0.18554583333333338
0.02,0.4101241666666729,18.90802833333044,0.6265366666666754,0.5037383333333431,0.08470833333333334,0.07318000000000001,0.18554583333333338
