noise_rate_pct,Adaptive (Ours),Fixed (rho=2),Fixed (rho=4)
0.0,0.000480490675,0.0004588900499999999,0.0007893639249999995
5.0,0.000480490675,0.0004588900499999999,0.0007893639249999995
10.0,0.000480490675,0.0004588900499999999,0.0007893639249999995
15.0,0.000480490675,0.0004588900499999999,0.0007893639249999995
20.0,0.000480490675,0.0004588900499999999,0.0007893639249999995
