noise_rate_pct,Adaptive (Ours),Fixed (rho=2),Fixed (rho=4)
0.0,0.0763075,0.07176,0.1409725
5.0,0.0763075,0.07176,0.1409725
10.0,0.0763075,0.07176,0.1409725
15.0,0.0763075,0.07176,0.1409725
20.0,0.0763075,0.07176,0.1409725
