noise_rate_pct,Adaptive (Ours),Fixed (rho=2),Fixed (rho=4)
0.0,0.005859499598432566,0.005182427549988004,0.019984524362167064
5.0,0.005859499598432566,0.005182427549988004,0.019984524362167064
10.0,0.005859499598432566,0.005182427549988004,0.019984524362167064
15.0,0.005859499598432566,0.005182427549988004,0.019984524362167064
20.0,0.005859499598432566,0.005182427549988004,0.019984524362167064
